{"count":1,"self":99.2795392,"total":102.6886703,"children":{"InitializeActuators":{"count":2,"self":0.0030001999999999997,"total":0.0030001999999999997,"children":null},"InitializeSensors":{"count":2,"self":0.0020912,"total":0.0020912,"children":null},"AgentSendState":{"count":4888,"self":0.26817019999999997,"total":0.3151327,"children":{"CollectObservations":{"count":1956,"self":0.023964299999999997,"total":0.023964299999999997,"children":null},"WriteActionMask":{"count":1956,"self":0.0015186,"total":0.0015186,"children":null},"RequestDecision":{"count":1956,"self":0.021479599999999998,"total":0.021479599999999998,"children":null}}},"DecideAction":{"count":4888,"self":2.8710899999999997,"total":2.8913856,"children":{"RayPerceptionSensor.Perceive":{"count":1956,"self":0.020295499999999998,"total":0.020295499999999998,"children":null}}},"AgentAct":{"count":4888,"self":0.19701359999999998,"total":0.19701359999999998,"children":null}},"gauges":{"MyAgent.CumulativeReward":{"count":12,"max":65.05122,"min":-30.256979,"runningAverage":45.9480629,"value":36.41981,"weightedAverage":47.774437},"JumpAgent.CumulativeReward":{"count":12,"max":42.261158,"min":-222.9341,"runningAverage":0.80694747,"value":31.4229355,"weightedAverage":19.08666}},"metadata":{"timer_format_version":"0.1.0","start_time_seconds":"1747996585","unity_version":"2022.3.44f1","command_line_arguments":"C:\\Program Files\\Unity\\Hub\\Editor\\2022.3.44f1\\Editor\\Unity.exe -projectpath C:\\Users\\irene\\OneDrive\\Documentos\\GitHub\\TFMUnity -useHub -hubIPC -cloudEnvironment production -licensingIpc LicenseClient-ZZtyvUoHiMFOEwG1w1UZS -hubSessionId 3bc51536-42b0-4e27-80d8-ff279c7b2cc7 -accessToken mHJW0l9ZZTo3egNonGjsTvS1SZ-caFm8KtEIL-Nnj-c006f","communication_protocol_version":"1.5.0","com.unity.ml-agents_version":"2.0.1","scene_name":"TFM3","end_time_seconds":"1747996688"}}