{"count":1,"self":82.73290879999999,"total":84.941986899999989,"children":{"InitializeActuators":{"count":2,"self":0.0010000999999999999,"total":0.0010000999999999999,"children":null},"InitializeSensors":{"count":2,"self":0.0020888,"total":0.0020888,"children":null},"AgentSendState":{"count":3991,"self":0.17830939999999998,"total":0.21018499999999998,"children":{"CollectObservations":{"count":1598,"self":0.012891999999999999,"total":0.012891999999999999,"children":null},"WriteActionMask":{"count":1598,"self":0.00051459999999999993,"total":0.00051459999999999993,"children":null},"RequestDecision":{"count":1598,"self":0.018469,"total":0.018469,"children":null}}},"DecideAction":{"count":3991,"self":1.8500311999999999,"total":1.8651643999999998,"children":{"RayPerceptionSensor.Perceive":{"count":1598,"self":0.0151332,"total":0.0151332,"children":null}}},"AgentAct":{"count":3991,"self":0.1291342,"total":0.1291342,"children":null}},"gauges":{"MyAgent.CumulativeReward":{"count":4,"max":132.337921,"min":-112.635643,"runningAverage":-8.0897,"value":132.337921,"weightedAverage":3.24417686},"JumpAgent.CumulativeReward":{"count":4,"max":-69.3679352,"min":-291.344879,"runningAverage":-211.564056,"value":-69.3679352,"weightedAverage":-204.743561}},"metadata":{"timer_format_version":"0.1.0","start_time_seconds":"1746785755","unity_version":"2022.3.44f1","command_line_arguments":"C:\\Program Files\\Unity\\Hub\\Editor\\2022.3.44f1\\Editor\\Unity.exe -projectpath C:\\Users\\irene\\OneDrive\\Documentos\\GitHub\\TFMUnity -useHub -hubIPC -cloudEnvironment production -licensingIpc LicenseClient-N1I84cQFjmKULPVqfGk6I -hubSessionId 0ac4f1d3-8033-4a42-8ff8-b7530bc09321 -accessToken OjiLpACpPRbRQsb0gffJpZgUDDHjRkmaxhGweuytZRg006f","communication_protocol_version":"1.5.0","com.unity.ml-agents_version":"2.0.1","scene_name":"Visual2","end_time_seconds":"1746785840"}}